﻿<?xml version="1.0" encoding="UTF-8" standalone="yes"?>
<addon id="repo.MEGATWTUTORIAIS2" name="[B][COLOR white].[/COLOR][COLOR mediumblue]MEGA[/COLOR][COLOR lime] REPO[/COLOR][COLOR yellow] TWTutoriais[/COLOR][COLOR white] 2[/COLOR][/B]" version="1.4" provider-name="by TWTUTORIAIS">
<requires>
    <import addon="xbmc.python" version="2.1.0"/>
    <import addon="script.module.beautifulsoup" version="3.2.1"/>
    <import addon="script.module.simple.downloader" version="0.9.4"/>
    <import addon="script.module.t0mm0.common" version="2.0.0"/>
    <import addon="script.module.beautifulsoup4" />
    <import addon="script.module.requests" />
    <import addon="script.module.httplib2" />
    <import addon="script.module.simple.downloader" version="0.9.4"/>
    <import addon="plugin.video.youtube" version="6.0.0~alpha6" />
    <import addon="script.module.urlresolver" />
    <import addon="script.module.simplejson" />    
    <import addon="script.module.livestreamer"/>
    <import addon="script.module.pyamf"/>
    <import addon="script.common.plugin.cache" version="2.5.2"/>
    <import addon="script.module.metahandler" version="2.5.1"/>
	<import addon="script.module.addon.common" />
	<import addon="script.module.addon.signals" version="0.0.1"/>
	<import addon="script.module.youtube.dl"/>
</requires>
	<extension point="xbmc.addon.repository" name="Repositorio TWTutoriais">
		<info compressed="false">https://github.com/REPOTONYWARLLEY/MEGAREPOTWT/blob/master/MEGAREPOTWT/addons.xml</info>
		<checksum>https://github.com/REPOTONYWARLLEY/MEGAREPOTWT/blob/master/MEGAREPOTWT/addons.xml.md5</checksum>
		<datadir zip="true">https://github.com/REPOTONYWARLLEY/MEGAREPOTWT/tree/master/MEGAREPOTWT/Plugins</datadir>
	</extension>
	<extension point="xbmc.addon.metadata">
	  <news>
Add-on INSTALADO VIA REPO TONY WARLLEY TUTORIAIS, não baixe Add-ons que não sejam Oficial, Add-ons Oficiais somente no CANAL TONY WARLLEY TUTORIAIS.
        </news>
		<summary>Repositorio TWTutoriais</summary>
		<description>Repositório TWTutoriais - Proibido Cópia e Reprodução sem Autorização.</description>
		<disclaimer></disclaimer>
		<platform>all</platform>
	</extension>
</addon>